-- MySQL dump 10.13  Distrib 8.0.40, for Win64 (x86_64)
--
-- Host: 127.0.0.1    Database: mydb
-- ------------------------------------------------------
-- Server version	8.0.40

/*!40101 SET @OLD_CHARACTER_SET_CLIENT=@@CHARACTER_SET_CLIENT */;
/*!40101 SET @OLD_CHARACTER_SET_RESULTS=@@CHARACTER_SET_RESULTS */;
/*!40101 SET @OLD_COLLATION_CONNECTION=@@COLLATION_CONNECTION */;
/*!50503 SET NAMES utf8 */;
/*!40103 SET @OLD_TIME_ZONE=@@TIME_ZONE */;
/*!40103 SET TIME_ZONE='+00:00' */;
/*!40014 SET @OLD_UNIQUE_CHECKS=@@UNIQUE_CHECKS, UNIQUE_CHECKS=0 */;
/*!40014 SET @OLD_FOREIGN_KEY_CHECKS=@@FOREIGN_KEY_CHECKS, FOREIGN_KEY_CHECKS=0 */;
/*!40101 SET @OLD_SQL_MODE=@@SQL_MODE, SQL_MODE='NO_AUTO_VALUE_ON_ZERO' */;
/*!40111 SET @OLD_SQL_NOTES=@@SQL_NOTES, SQL_NOTES=0 */;

--
-- Table structure for table `materias`
--

DROP TABLE IF EXISTS `materias`;
/*!40101 SET @saved_cs_client     = @@character_set_client */;
/*!50503 SET character_set_client = utf8mb4 */;
CREATE TABLE `materias` (
  `idmateria` int NOT NULL AUTO_INCREMENT,
  `NombreMateria` varchar(45) DEFAULT NULL,
  PRIMARY KEY (`idmateria`)
) ENGINE=InnoDB AUTO_INCREMENT=11 DEFAULT CHARSET=utf8mb3;
/*!40101 SET character_set_client = @saved_cs_client */;

--
-- Dumping data for table `materias`
--

LOCK TABLES `materias` WRITE;
/*!40000 ALTER TABLE `materias` DISABLE KEYS */;
INSERT INTO `materias` VALUES (1,'Matemática'),(2,'Inglés técnico'),(3,'Marco jurídico y derechos del trabajo'),(4,'TÉCNICA: Asistencia 2'),(5,'TÉCNICA: Autogestión'),(6,'TÉCNICA Hardware 4'),(7,'TÉCNICA: Programacion'),(8,'TÉCNICA: Prácticas Profesionalizantes 2'),(9,'TÉCNICA: Redes 3'),(10,'EDI: Arduino 3');
/*!40000 ALTER TABLE `materias` ENABLE KEYS */;
UNLOCK TABLES;

--
-- Table structure for table `notas`
--

DROP TABLE IF EXISTS `notas`;
/*!40101 SET @saved_cs_client     = @@character_set_client */;
/*!50503 SET character_set_client = utf8mb4 */;
CREATE TABLE `notas` (
  `Usuarios_idusuario` int NOT NULL,
  `Materias_idmateria` int NOT NULL,
  `Informe1` int DEFAULT NULL,
  `Informe2` int DEFAULT NULL,
  `Nota1` int DEFAULT NULL,
  `Informe3` int DEFAULT NULL,
  `Informe4` int DEFAULT NULL,
  `Nota2` int DEFAULT NULL,
  `NotaAnual` int DEFAULT NULL,
  `NotaAcreditacion` int DEFAULT NULL,
  `NotaRecuperatorio` int DEFAULT NULL,
  `NotaDefinitiva` int DEFAULT NULL,
  PRIMARY KEY (`Usuarios_idusuario`,`Materias_idmateria`),
  KEY `fk_Usuarios_has_Materias_Materias1_idx` (`Materias_idmateria`),
  KEY `fk_Usuarios_has_Materias_Usuarios_idx` (`Usuarios_idusuario`),
  CONSTRAINT `fk_Usuarios_has_Materias_Materias1` FOREIGN KEY (`Materias_idmateria`) REFERENCES `materias` (`idmateria`),
  CONSTRAINT `fk_Usuarios_has_Materias_Usuarios` FOREIGN KEY (`Usuarios_idusuario`) REFERENCES `usuarios` (`idusuario`)
) ENGINE=InnoDB DEFAULT CHARSET=utf8mb3;
/*!40101 SET character_set_client = @saved_cs_client */;

--
-- Dumping data for table `notas`
--

LOCK TABLES `notas` WRITE;
/*!40000 ALTER TABLE `notas` DISABLE KEYS */;
INSERT INTO `notas` VALUES (2,1,10,NULL,1,NULL,NULL,10,10,NULL,NULL,NULL),(2,2,1,10,10,NULL,10,10,10,NULL,NULL,NULL),(2,3,1,3,2,NULL,10,NULL,10,NULL,NULL,NULL),(2,4,1,4,5,NULL,10,NULL,NULL,NULL,NULL,NULL),(2,5,8,7,6,NULL,10,NULL,NULL,NULL,NULL,NULL),(2,6,9,10,1,10,10,NULL,NULL,NULL,NULL,NULL),(2,7,NULL,NULL,NULL,NULL,NULL,NULL,NULL,NULL,NULL,NULL),(2,8,NULL,NULL,NULL,NULL,NULL,NULL,NULL,NULL,NULL,NULL),(2,9,NULL,NULL,NULL,NULL,NULL,NULL,NULL,NULL,NULL,NULL),(2,10,NULL,NULL,NULL,NULL,NULL,NULL,NULL,NULL,NULL,NULL),(3,1,6,6,6,9,9,9,9,9,9,10),(3,2,6,6,6,6,6,6,6,6,6,10),(3,3,6,6,6,6,6,6,6,6,6,10),(3,4,6,6,6,6,6,6,6,6,6,10),(3,5,6,6,6,6,6,6,6,6,6,10),(3,6,6,6,6,6,6,6,6,6,6,10),(3,7,6,6,6,6,6,6,6,6,6,10),(3,8,6,6,6,6,6,6,6,6,6,10),(3,9,6,6,6,6,6,6,6,6,6,10),(3,10,6,6,6,6,6,6,6,6,6,10),(4,1,6,6,6,6,6,6,6,6,6,6),(4,2,8,8,8,8,8,8,8,8,8,8),(4,3,10,10,10,10,10,10,10,10,10,10),(4,4,6,6,6,6,6,6,6,6,6,6),(4,5,6,6,6,6,6,6,6,6,6,6),(4,6,6,6,6,6,6,6,6,6,6,6),(4,7,6,6,6,6,6,6,6,6,6,6),(4,8,6,6,6,6,6,6,6,6,6,6),(4,9,6,7,7,7,7,7,7,7,7,7),(4,10,7,7,7,7,6,5,5,5,5,5),(6,1,NULL,NULL,NULL,NULL,NULL,NULL,NULL,NULL,NULL,NULL),(6,2,NULL,NULL,NULL,NULL,NULL,NULL,NULL,NULL,NULL,NULL),(6,3,NULL,NULL,NULL,NULL,NULL,NULL,NULL,NULL,NULL,NULL),(6,4,NULL,NULL,NULL,NULL,NULL,NULL,NULL,NULL,NULL,NULL),(6,5,NULL,NULL,NULL,NULL,NULL,NULL,NULL,NULL,NULL,NULL),(6,6,NULL,NULL,NULL,NULL,NULL,NULL,NULL,NULL,NULL,NULL),(6,7,NULL,NULL,NULL,NULL,NULL,NULL,NULL,NULL,NULL,NULL),(6,8,NULL,NULL,NULL,NULL,NULL,NULL,NULL,NULL,NULL,NULL),(6,9,NULL,NULL,NULL,NULL,NULL,NULL,NULL,NULL,NULL,NULL),(6,10,NULL,NULL,NULL,NULL,NULL,NULL,NULL,NULL,NULL,NULL),(7,1,10000,NULL,NULL,NULL,NULL,NULL,NULL,NULL,NULL,NULL),(7,2,NULL,NULL,NULL,NULL,NULL,NULL,NULL,NULL,NULL,NULL),(7,3,NULL,NULL,NULL,NULL,NULL,NULL,NULL,NULL,NULL,NULL),(7,4,NULL,NULL,NULL,NULL,NULL,NULL,NULL,NULL,NULL,NULL),(7,5,NULL,NULL,NULL,NULL,NULL,NULL,NULL,NULL,NULL,NULL),(7,6,NULL,NULL,NULL,NULL,NULL,NULL,NULL,NULL,NULL,NULL),(7,7,NULL,NULL,NULL,NULL,NULL,NULL,NULL,NULL,NULL,NULL),(7,8,NULL,NULL,NULL,NULL,NULL,NULL,NULL,NULL,NULL,NULL),(7,9,NULL,NULL,NULL,NULL,NULL,NULL,NULL,NULL,NULL,NULL),(7,10,NULL,NULL,NULL,NULL,NULL,NULL,NULL,NULL,NULL,NULL),(8,1,1,NULL,NULL,NULL,NULL,NULL,NULL,NULL,NULL,NULL),(8,2,NULL,NULL,NULL,NULL,NULL,NULL,NULL,NULL,NULL,NULL),(8,3,NULL,NULL,NULL,NULL,NULL,NULL,NULL,NULL,NULL,NULL),(8,4,NULL,NULL,NULL,NULL,NULL,NULL,NULL,NULL,NULL,NULL),(8,5,NULL,NULL,NULL,NULL,NULL,NULL,NULL,NULL,NULL,NULL),(8,6,NULL,NULL,NULL,NULL,NULL,NULL,NULL,NULL,NULL,NULL),(8,7,NULL,NULL,NULL,NULL,NULL,NULL,NULL,NULL,NULL,NULL),(8,8,NULL,NULL,NULL,NULL,NULL,NULL,NULL,NULL,NULL,NULL),(8,9,NULL,NULL,NULL,NULL,NULL,NULL,NULL,NULL,NULL,NULL),(8,10,NULL,NULL,NULL,NULL,NULL,NULL,NULL,NULL,NULL,NULL),(9,1,NULL,NULL,NULL,NULL,NULL,NULL,NULL,NULL,NULL,NULL),(9,2,NULL,NULL,NULL,NULL,NULL,NULL,NULL,NULL,NULL,NULL),(9,3,NULL,NULL,NULL,NULL,NULL,NULL,NULL,NULL,NULL,NULL),(9,4,NULL,NULL,NULL,NULL,NULL,NULL,NULL,NULL,NULL,NULL),(9,5,NULL,NULL,NULL,NULL,NULL,NULL,NULL,NULL,NULL,NULL),(9,6,NULL,NULL,NULL,NULL,NULL,NULL,NULL,NULL,NULL,NULL),(9,7,NULL,NULL,NULL,NULL,NULL,NULL,NULL,NULL,NULL,NULL),(9,8,NULL,NULL,NULL,NULL,NULL,NULL,NULL,NULL,NULL,NULL),(9,9,NULL,NULL,NULL,NULL,NULL,NULL,NULL,NULL,NULL,NULL),(9,10,NULL,NULL,NULL,NULL,NULL,NULL,NULL,NULL,NULL,NULL),(10,1,6,6,8,7,6,6,6,6,6,6),(10,2,6,6,6,6,6,2,6,6,6,6),(10,3,2,6,6,6,6,6,6,2,6,6),(10,4,6,6,6,3,3,3,3,3,3,3),(10,5,3,3,3,3,3,3,3,3,3,3),(10,6,3,3,4,4,4,4,4,4,4,4),(10,7,4,4,4,4,4,4,4,4,4,4),(10,8,5,5,5,5,5,5,5,5,5,5),(10,9,5,5,6,6,6,6,6,6,6,6),(10,10,6,6,6,6,6,6,6,6,6,6),(11,1,1,1,1,1,1,1,1,1,1,1),(11,2,1,1,1,1,1,1,1,1,1,1),(11,3,1,1,1,1,1,1,1,1,1,1),(11,4,1,1,1,1,1,1,1,1,1,1),(11,5,1,1,1,1,1,1,1,1,1,1),(11,6,1,1,1,1,1,1,1,1,1,1),(11,7,1,1,1,1,1,1,1,1,1,1),(11,8,1,1,1,1,1,1,1,1,1,1),(11,9,1,1,1,1,1,1,1,1,1,1),(11,10,1,1,1,1,1,1,1,1,1,1),(12,1,8,8,8,8,8,8,8,4,8,4),(12,2,8,9,8,8,8,8,8,8,8,8),(12,3,8,7,7,7,7,7,7,7,7,7),(12,4,7,7,7,7,7,7,7,7,7,7),(12,5,7,7,7,7,7,4,7,7,7,7),(12,6,7,7,7,7,7,7,7,7,7,7),(12,7,7,7,7,7,4,6,6,6,6,6),(12,8,6,6,6,6,6,6,6,8,6,6),(12,9,7,6,6,6,6,7,6,6,6,6),(12,10,6,6,6,9,6,6,6,6,7,6),(13,1,1,1,1,1,1,1,1,1,9,9),(13,2,10,10,10,10,10,10,10,10,10,10),(13,3,10,9,9,9,9,9,9,9,9,9),(13,4,9,9,9,9,9,9,9,9,9,9),(13,5,9,9,9,9,9,9,9,9,9,9),(13,6,9,9,9,9,9,9,9,9,9,9),(13,7,9,9,9,9,9,9,9,9,9,9),(13,8,9,9,9,9,9,9,9,9,9,9),(13,9,9,9,9,9,9,9,9,9,9,9),(13,10,9,9,9,9,9,9,9,9,9,9),(15,1,6,7,7,7,8,9,9,7,6,6),(15,2,6,NULL,5,NULL,NULL,NULL,NULL,NULL,NULL,NULL),(15,3,7,NULL,5,5,NULL,NULL,NULL,NULL,NULL,NULL),(15,4,8,NULL,NULL,NULL,NULL,NULL,NULL,NULL,NULL,NULL),(15,5,9,NULL,NULL,NULL,NULL,NULL,NULL,NULL,NULL,NULL),(15,6,8,NULL,NULL,NULL,NULL,NULL,NULL,NULL,NULL,NULL),(15,7,7,NULL,NULL,NULL,NULL,NULL,NULL,NULL,NULL,NULL),(15,8,6,NULL,NULL,NULL,NULL,NULL,NULL,NULL,NULL,NULL),(15,9,7,NULL,NULL,NULL,NULL,NULL,NULL,NULL,NULL,NULL),(15,10,8,NULL,NULL,NULL,NULL,NULL,NULL,NULL,NULL,NULL),(16,1,7,NULL,NULL,NULL,NULL,NULL,NULL,NULL,NULL,NULL),(16,2,7,NULL,NULL,NULL,NULL,NULL,NULL,NULL,NULL,NULL),(16,3,7,NULL,NULL,NULL,NULL,NULL,NULL,NULL,NULL,NULL),(16,4,8,NULL,NULL,NULL,NULL,NULL,NULL,NULL,NULL,NULL),(16,5,8,NULL,NULL,NULL,NULL,NULL,NULL,NULL,NULL,NULL),(16,6,9,NULL,NULL,NULL,NULL,NULL,NULL,NULL,NULL,NULL),(16,7,9,NULL,NULL,NULL,NULL,NULL,NULL,NULL,NULL,NULL),(16,8,7,NULL,NULL,NULL,NULL,NULL,NULL,NULL,NULL,NULL),(16,9,7,NULL,NULL,NULL,NULL,NULL,NULL,NULL,NULL,NULL),(16,10,6,NULL,NULL,NULL,NULL,NULL,NULL,NULL,NULL,NULL),(17,1,7,NULL,NULL,NULL,NULL,NULL,NULL,NULL,NULL,NULL),(17,2,8,NULL,NULL,NULL,NULL,NULL,NULL,NULL,NULL,NULL),(17,3,7,NULL,NULL,NULL,NULL,NULL,NULL,NULL,NULL,NULL),(17,4,7,NULL,NULL,NULL,NULL,NULL,NULL,NULL,NULL,NULL),(17,5,7,NULL,NULL,NULL,NULL,NULL,NULL,NULL,NULL,NULL),(17,6,6,NULL,NULL,NULL,NULL,NULL,NULL,NULL,NULL,NULL),(17,7,7,NULL,NULL,NULL,NULL,NULL,NULL,NULL,NULL,NULL),(17,8,6,NULL,NULL,NULL,NULL,NULL,NULL,NULL,NULL,NULL),(17,9,7,NULL,NULL,NULL,NULL,NULL,NULL,NULL,NULL,NULL),(17,10,6,NULL,NULL,NULL,NULL,NULL,NULL,NULL,NULL,NULL);
/*!40000 ALTER TABLE `notas` ENABLE KEYS */;
UNLOCK TABLES;

--
-- Table structure for table `usuarios`
--

DROP TABLE IF EXISTS `usuarios`;
/*!40101 SET @saved_cs_client     = @@character_set_client */;
/*!50503 SET character_set_client = utf8mb4 */;
CREATE TABLE `usuarios` (
  `idusuario` int NOT NULL AUTO_INCREMENT,
  `id_Cursodivision` varchar(7) NOT NULL,
  `NombreyApellido` varchar(45) NOT NULL,
  `Usuarios` varchar(45) NOT NULL,
  `Contraseña` varchar(20) NOT NULL,
  `Admin` tinyint NOT NULL,
  PRIMARY KEY (`idusuario`,`id_Cursodivision`)
) ENGINE=InnoDB AUTO_INCREMENT=18 DEFAULT CHARSET=utf8mb3;
/*!40101 SET character_set_client = @saved_cs_client */;

--
-- Dumping data for table `usuarios`
--

LOCK TABLES `usuarios` WRITE;
/*!40000 ALTER TABLE `usuarios` DISABLE KEYS */;
INSERT INTO `usuarios` VALUES (1,'7mo 1ra','Antonio Martinez','Antonio','338925',1),(2,'7mo 1ra','Antonio Martinez','an','123',0),(3,'7mo 1ra','Tomas Avanzatti','tomy','12345',0),(4,'7mo 1ra','santiago sanchezº','santigo','123',0),(5,'7mo 1ra','Araseli Yapura','Ara','123',0),(6,'7mo 1ra','Araseli Yapura','Ara','123',0),(7,'7mo 2da','Alan Peralta','Alan','123',0),(8,'7mo 1ra','Lautaro Santana','Lautaro','A123S',0),(9,'7mo 2da','Axel Armella','Armebot','123',0),(10,'7mo 3ra','licantica','lican','123',0),(11,'7mo 2da','Franco Tedesco','Dross','Drossmivida',0),(12,'7mo 1ra','Agus Martinez','elcomeabuelas','elcomeabuelas',0),(13,'7mo 1ra','Enzo Martinez','Enzo','123',0),(14,'7mo 1ra','Tomax','tomas','123',0),(15,'7mo 1ra','Antonio Martinez Rafael','AntonioM','23123123',0),(16,'7mo 1ra','Florencia Vergara','FlorenciaV','23123123',0),(17,'7mo 2da','Sofia Soria','SofiaS','23123123',0);
/*!40000 ALTER TABLE `usuarios` ENABLE KEYS */;
UNLOCK TABLES;
/*!40103 SET TIME_ZONE=@OLD_TIME_ZONE */;

/*!40101 SET SQL_MODE=@OLD_SQL_MODE */;
/*!40014 SET FOREIGN_KEY_CHECKS=@OLD_FOREIGN_KEY_CHECKS */;
/*!40014 SET UNIQUE_CHECKS=@OLD_UNIQUE_CHECKS */;
/*!40101 SET CHARACTER_SET_CLIENT=@OLD_CHARACTER_SET_CLIENT */;
/*!40101 SET CHARACTER_SET_RESULTS=@OLD_CHARACTER_SET_RESULTS */;
/*!40101 SET COLLATION_CONNECTION=@OLD_COLLATION_CONNECTION */;
/*!40111 SET SQL_NOTES=@OLD_SQL_NOTES */;

-- Dump completed on 2024-11-15 15:32:18
